Workbook

Sheet Parameters
A1: Probabilità | B1: 0.5
A2: Media | B2: 40
A3: Dev. Std. | B3: 10

Sheet Data
A1: Età | B1: Gruppo
A2: =NORMINV(RAND(), Parameters!$B$2, Parameters!$B$3) -> 37.379756 | B2: =RANDBETWEEN(1, 4) -> 1
A3: =NORMINV(RAND(), Parameters!$B$2, Parameters!$B$3) -> 31.488663 | B3: =RANDBETWEEN(1, 4) -> 3
A4: =NORMINV(RAND(), Parameters!$B$2, Parameters!$B$3) -> 39.791959 | B4: =RANDBETWEEN(1, 4) -> 1
A5: =NORMINV(RAND(), Parameters!$B$2, Parameters!$B$3) -> 34.530766 | B5: =RANDBETWEEN(1, 4) -> 1
A6: =NORMINV(RAND(), Parameters!$B$2, Parameters!$B$3) -> 42.464661 | B6: =RANDBETWEEN(1, 4) -> 2
A7: =NORMINV(RAND(), Parameters!$B$2, Parameters!$B$3) -> 54.611934 | B7: =RANDBETWEEN(1, 4) -> 2
A8: =NORMINV(RAND(), Parameters!$B$2, Parameters!$B$3) -> 48.577458 | B8: =RANDBETWEEN(1, 4) -> 4
A9: =NORMINV(RAND(), Parameters!$B$2, Parameters!$B$3) -> 19.992818 | B9: =RANDBETWEEN(1, 4) -> 2
A10: =NORMINV(RAND(), Parameters!$B$2, Parameters!$B$3) -> 18.861888 | B10: =RANDBETWEEN(1, 4) -> 1
A11: =NORMINV(RAND(), Parameters!$B$2, Parameters!$B$3) -> 36.002305 | B11: =RANDBETWEEN(1, 4) -> 2
A12: =NORMINV(RAND(), Parameters!$B$2, Parameters!$B$3) -> 61.323507 | B12: =RANDBETWEEN(1, 4) -> 4
A13: =NORMINV(RAND(), Parameters!$B$2, Parameters!$B$3) -> 37.875462 | B13: =RANDBETWEEN(1, 4) -> 4
... A251: =NORMINV(RAND(), Parameters!$B$2, Parameters!$B$3) -> 44.129442 | B251: =RANDBETWEEN(1, 4) -> 2

Sheet Sample
A1: Età | B1: Gruppo | C1: Sotto-campione
A2: =Data!A2 -> 37.379756 | B2: =Data!B2 -> 1 | C2: =IF(B2=1, A2, "") -> 37.379756
A3: =Data!A3 -> 31.488663 | B3: =Data!B3 -> 3 | C3: =IF(B3=1, A3, "")
A4: =Data!A4 -> 39.791959 | B4: =Data!B4 -> 1 | C4: =IF(B4=1, A4, "") -> 39.791959
A5: =Data!A5 -> 34.530766 | B5: =Data!B5 -> 1 | C5: =IF(B5=1, A5, "") -> 34.530766
A6: =Data!A6 -> 42.464661 | B6: =Data!B6 -> 2 | C6: =IF(B6=1, A6, "")
A7: =Data!A7 -> 54.611934 | B7: =Data!B7 -> 2 | C7: =IF(B7=1, A7, "")
A8: =Data!A8 -> 48.577458 | B8: =Data!B8 -> 4 | C8: =IF(B8=1, A8, "")
A9: =Data!A9 -> 19.992818 | B9: =Data!B9 -> 2 | C9: =IF(B9=1, A9, "")
A10: =Data!A10 -> 18.861888 | B10: =Data!B10 -> 1 | C10: =IF(B10=1, A10, "") -> 18.861888
A11: =Data!A11 -> 36.002305 | B11: =Data!B11 -> 2 | C11: =IF(B11=1, A11, "")
A12: =Data!A12 -> 61.323507 | B12: =Data!B12 -> 4 | C12: =IF(B12=1, A12, "")
A13: =Data!A13 -> 37.875462 | B13: =Data!B13 -> 4 | C13: =IF(B13=1, A13, "")
... A251: =Data!A251 -> 44.129442 | B251: =Data!B251 -> 2 | C251: =IF(B251=1, A251, "")

Sheet Statistical Insight
A1: STDDEV | B1: EXPECTED VALUE | C1: COUNT | D1: CONFIDENCE RATE | E1: Estimation of p | F1: Confidence Interval
A2: =_xlfn.STDEV.P(Sample!C:C) -> 10.140818 | B2: =AVERAGE(Sample!C:C) -> 40.099132 | C2: =COUNT(Sample!C:C) -> 61 | D2: 0.95 | E2: =C2/250 -> 0.244 | F2: =_xlfn.CONFIDENCE.NORM(1-D2, A2, C2) -> 2.5448146

Sheet (Un)correlated Variables
A1: Sample Data | B1: Number of Cats | C1: Age of Partner
A2: =Sample!C2 -> 37.379756 | B2: =IF(A2="", "", RANDBETWEEN(0, 5)) -> 2 | C2: =IF(A2="", "", A2 + RANDBETWEEN(-5, 5)) -> 33.379756 | E2: Correlazione Gatti: | F2: =PEARSON(A2:A251, B2:B251) -> -0.023583371
A3: =Sample!C3 | B3: =IF(A3="", "", RANDBETWEEN(0, 5)) | C3: =IF(A3="", "", A3 + RANDBETWEEN(-5, 5)) | E3: Correlazione Partner: | F3: =PEARSON(A2:A251, C2:C251) -> 0.95200224
A4: =Sample!C4 -> 39.791959 | B4: =IF(A4="", "", RANDBETWEEN(0, 5)) -> 4 | C4: =IF(A4="", "", A4 + RANDBETWEEN(-5, 5)) -> 44.791959
A5: =Sample!C5 -> 34.530766 | B5: =IF(A5="", "", RANDBETWEEN(0, 5)) -> 4 | C5: =IF(A5="", "", A5 + RANDBETWEEN(-5, 5)) -> 34.530766
A6: =Sample!C6 | B6: =IF(A6="", "", RANDBETWEEN(0, 5)) | C6: =IF(A6="", "", A6 + RANDBETWEEN(-5, 5))
A7: =Sample!C7 | B7: =IF(A7="", "", RANDBETWEEN(0, 5)) | C7: =IF(A7="", "", A7 + RANDBETWEEN(-5, 5))
A8: =Sample!C8 | B8: =IF(A8="", "", RANDBETWEEN(0, 5)) | C8: =IF(A8="", "", A8 + RANDBETWEEN(-5, 5))
A9: =Sample!C9 | B9: =IF(A9="", "", RANDBETWEEN(0, 5)) | C9: =IF(A9="", "", A9 + RANDBETWEEN(-5, 5))
A10: =Sample!C10 -> 18.861888 | B10: =IF(A10="", "", RANDBETWEEN(0, 5)) -> 0 | C10: =IF(A10="", "", A10 + RANDBETWEEN(-5, 5)) -> 17.861888
A11: =Sample!C11 | B11: =IF(A11="", "", RANDBETWEEN(0, 5)) | C11: =IF(A11="", "", A11 + RANDBETWEEN(-5, 5))
A12: =Sample!C12 | B12: =IF(A12="", "", RANDBETWEEN(0, 5)) | C12: =IF(A12="", "", A12 + RANDBETWEEN(-5, 5))
A13: =Sample!C13 | B13: =IF(A13="", "", RANDBETWEEN(0, 5)) | C13: =IF(A13="", "", A13 + RANDBETWEEN(-5, 5))
A14: =Sample!C14 | B14: =IF(A14="", "", RANDBETWEEN(0, 5)) | C14: =IF(A14="", "", A14 + RANDBETWEEN(-5, 5))
A15: =Sample!C15 | B15: =IF(A15="", "", RANDBETWEEN(0, 5)) | C15: =IF(A15="", "", A15 + RANDBETWEEN(-5, 5))
... A251: =Sample!C251 | B251: =IF(A251="", "", RANDBETWEEN(0, 5)) | C251: =IF(A251="", "", A251 + RANDBETWEEN(-5, 5))

Sheet Linear Regression
A1: Y (Age) | B1: X (Rank)
A2: =Data!A2 -> 37.379756 | B2: 1 | D2: Età Reale (Partecipante 160) | E2: =A161 -> 47.993623
A3: =Data!A3 -> 31.488663 | B3: 2
A4: =Data!A4 -> 39.791959 | B4: 3 | D4: Età Prevista | E4: =FORECAST(160, A2:A251, B2:B251) -> 40.430074
A5: =Data!A5 -> 34.530766 | B5: 4
A6: =Data!A6 -> 42.464661 | B6: 5 | D6: Residuo | E6: =E2-E4 -> 7.5635497
A7: =Data!A7 -> 54.611934 | B7: 6
A8: =Data!A8 -> 48.577458 | B8: 7
A9: =Data!A9 -> 19.992818 | B9: 8
A10: =Data!A10 -> 18.861888 | B10: 9
A11: =Data!A11 -> 36.002305 | B11: 10
A12: =Data!A12 -> 61.323507 | B12: 11
A13: =Data!A13 -> 37.875462 | B13: 12
A14: =Data!A14 -> 35.404585 | B14: 13
A15: =Data!A15 -> 28.599746 | B15: 14
A16: =Data!A16 -> 41.128897 | B16: 15
A17: =Data!A17 -> 40.64833 | B17: 16
A18: =Data!A18 -> 24.704008 | B18: 17
... A251: =Data!A251 -> 44.129442 | B251: 250
